<?xml version="1.0" encoding="UTF-8"?>
<!DOCTYPE mapper
  PUBLIC "-//mybatis.org//DTD Mapper 3.0//EN"
  "http://mybatis.org/dtd/mybatis-3-mapper.dtd">
<mapper namespace="org.zerock.mapper.AccountMapper">

	<select id="getById" resultType="org.zerock.domain.AccountVO">
		select * from tbl_account where id = #{id}
	</select>
	
	<select id="idCheck" resultType="int">
		select count(*) from tbl_account where id = #{id}
	</select>
	
	<select id="loginCheck" resultType="int">
		select count(*) from tbl_account where id = #{id} and pw = #{pw}
	</select>
	
	<select id="getListAccount" resultType="org.zerock.domain.AccountVO">
		select * from tbl_account
	</select>
	
	<insert id="insert">
		insert into tbl_account(id, pw)
		values(#{id},#{pw})
	</insert>
	
	<update id="changePw">
		update tbl_account set pw = #{renewPw} where id = #{id} and pw = #{pw}
	</update>
	
	<delete id="deleteAccount">
		delete from tbl_account where id = #{id} and pw = #{pw}
	</delete>
</mapper>